item_id,headline,category,source,collected_at,gold_label,annotator,batch,notes
1,Charles 'Sonny' Burton is slated for execution. He hopes the Alabama governor will grant him clemency,domestic,CNN,2026-03-10 13:24:57.430,passive_clause,codex,B01,
2,Alexander brothers convicted of sex trafficking in Manhattan federal court,domestic,NPR,2026-03-10 13:24:57.430,noun_phrase_fragment,codex,B01,
3,US Steps Up Iran Strikes as Oil Industry Faces More Upheaval,domestic,Yahoo Finance,2026-03-10 13:24:57.430,simple_clause,codex,B01,
4,FBI hunts for clues after 2 men charged with lighting bombs at NYC protest,domestic,AP News,2026-03-10 13:24:57.430,simple_clause,codex,B01,
5,US investigators begin search of Epstein's former ranch in New Mexico,domestic,Al Jazeera,2026-03-10 13:24:57.430,simple_clause,codex,B01,
6,"Shots Fired at U.S. Consulate in Toronto, Police Say",domestic,The New York Times,2026-03-10 13:24:57.430,simple_clause,codex,B01,
7,Iran war's oil shock fuels GOP political anxiety,domestic,The Washington Post,2026-03-10 13:24:57.430,simple_clause,codex,B01,
8,Growing Evidence U.S. Tomahawk Struck School In Iran,domestic,Forbes,2026-03-10 13:24:57.430,simple_clause,codex,B01,
9,Georgia special election to replace MTG tests the power of Trump's endorsement,domestic,NPR,2026-03-10 13:24:57.430,simple_clause,codex,B01,
10,Trump's 'free flow of energy' vow fails to restart shipping in strait of Hormuz,domestic,The Guardian,2026-03-10 13:24:57.430,simple_clause,codex,B01,
11,Workers at OpenAI show support for Anthropic as the company says it could lose $5 billion in its feud with the Pentagon,domestic,Business Insider,2026-03-10 13:24:57.430,simple_clause,codex,B01,
12,Capitol agenda: Trump's Doral demands ripple through GOP,domestic,Politico,2026-03-10 13:24:57.430,simple_clause,codex,B01,
13,"Judge limits crowd control devices at Portland ICE building, says federal officers must identify themselves Oregon Public Broadcasting",domestic,OPB,2026-03-10 13:24:57.430,simple_clause,codex,B01,
14,"Trio named to replace Alina Habba as U.S. attorney is also serving illegally, judge says",domestic,The Washington Post,2026-03-10 13:24:57.430,simple_clause,codex,B01,
15,DOJ's Ed Martin faces ethics charges from disciplinary office over threatening letter to Georgetown University,domestic,CBS News,2026-03-10 13:24:57.430,simple_clause,codex,B01,
16,"Democrats' Reckless DHS Shutdown Hits Americans Hard as 100,000+ Workers Go Without Pay",domestic,The White House (.gov),2026-03-10 13:24:57.430,simple_clause,codex,B01,
17,GOP lawmaker says he's leaving the Republican Party and will serve as an independent,domestic,AP News,2026-03-10 13:24:57.430,simple_clause,codex,B01,
18,"Hawaii to see 'potentially life threatening weather' with torrential rain, flooding",domestic,San Francisco Chronicle,2026-03-10 13:24:57.430,noun_phrase_fragment,codex,B01,
19,U.S. and Iran Predicted a Very Different War Than the One Now Being Waged,domestic,WSJ,2026-03-10 13:24:57.430,simple_clause,codex,B01,
20,Kentucky soldier stationed in Saudi Arabia is 7th U.S. military death in Iran war,domestic,PBS,2026-03-10 13:24:57.430,simple_clause,codex,B01,
21,Wife Of Teacher Killed In High School Prank Wants Charges Dropped,domestic,HuffPost,2026-03-10 13:24:57.430,simple_clause,codex,B01,
22,Rand Paul eyes next week for Mullin DHS confirmation hearing,domestic,Politico,2026-03-10 13:24:57.430,simple_clause,codex,B01,
23,Oakland police identify both people killed in weekend mass shooting,domestic,San Francisco Chronicle,2026-03-10 13:24:57.430,simple_clause,codex,B01,
24,"'No words spoken': Chinatown stabbing suspect has criminal record, prominent father",domestic,The San Francisco Standard,2026-03-10 13:24:57.430,simple_clause,codex,B01,
25,"Democrats threaten more Iran war powers votes, call for Hegseth, Rubio to testify",domestic,CNBC,2026-03-10 13:24:57.430,simple_clause,codex,B01,
26,"PSP Honors Fallen Corporal Timothy O'Connor Jr., Killed During Traffic Stop",domestic,Commonwealth of Pennsylvania (.gov),2026-03-10 13:24:57.430,simple_clause,codex,B02,
27,"""Disgusting sh*t"": Rep. Andy Ogles' anti Muslim post sparks furious internal backlash",domestic,Axios,2026-03-10 13:24:57.430,simple_clause,codex,B01,
28,Trump administration widens its 2020 election probe as it obtains records from Arizona,domestic,PBS,2026-03-10 13:24:57.430,simple_clause,codex,B01,
29,Champion high school mariachi musician and family released from immigration detention after growing outcry,domestic,NBC News,2026-03-10 13:24:57.430,passive_clause,codex,B01,
30,"Ohio State president resigns after 'inappropriate relationship,"" university announces",domestic,WHIO TV,2026-03-10 13:24:57.430,simple_clause,codex,B02,
31,Thune: Talking filibuster 'more complicated and risky' than people realize,domestic,Politico,2026-03-10 13:24:57.430,other,codex,B02,
32,"Capturing Iran's highly enriched uranium would require a large US ground force, sources say",domestic,CNN,2026-03-10 13:24:57.430,simple_clause,codex,B02,
33,Two Supreme Court Justices Debate Handling of Trump Emergency Cases,domestic,The New York Times,2026-03-10 13:24:57.430,simple_clause,codex,B02,
34,"Early Iran strikes cost $5.6 billion in munitions, Pentagon estimates",domestic,The Washington Post,2026-03-10 13:24:57.431,simple_clause,codex,B01,
35,"U.S. Military Action Against Iran: Over Half Of Voters Oppose It, 74% Oppose Sending Ground Troops Into Iran, Quinnipiac University National Poll Finds; Vast Majority Expects The Conflict To Last Months Or More",domestic,Quinnipiac University Poll,2026-03-10 13:24:57.431,coordination,codex,B02,
36,Mississippi and Georgia Elections: What to Watch in Today's Primaries,domestic,The New York Times,2026-03-10 13:24:57.431,question_form,codex,B01,
37,Trump Antisemitism Inquiry Demanding List of Jews at Penn Heads to Court,domestic,The New York Times,2026-03-10 13:24:57.431,simple_clause,codex,B02,
38,"Trump gives mixed signals on Iran war. And, how Epstein built ties to scientists",world,NPR,2026-03-10 13:24:57.736,coordination,codex,B01,
39,IDF hits Hezbollah command centers and finance body as rockets fly at northern Israel,world,The Times of Israel,2026-03-10 13:24:57.736,coordination,codex,B02,
40,Trump says he's 'not happy' with Iran's choice of new supreme leader,world,Fox News,2026-03-10 13:24:57.736,simple_clause,codex,B02,
41,Australia grants asylum to 5 Iranian soccer players after Trump pressure,world,The Washington Post,2026-03-10 13:24:57.736,simple_clause,codex,B02,
42,Iran war: What is happening on day 11 of US Israel attacks?,world,Al Jazeera,2026-03-10 13:24:57.736,question_form,codex,B01,
43,"Who Is Balendra Shah, the Rapper Set to Be Nepal's Next Prime Minister?",world,The New York Times,2026-03-10 13:24:57.736,question_form,codex,B02,
44,Top Iranian security official threatens Trump with death politico.eu,world,Unknown,2026-03-10 13:24:57.736,simple_clause,codex,B02,
45,Exclusive: U.S. dismissed Ukraine deal for anti Iran drone tech last year,world,Axios,2026-03-10 13:24:57.736,simple_clause,codex,B02,
46,"Reducing Europe's nuclear energy sector was 'strategic mistake', EU chief says",world,Reuters,2026-03-10 13:24:57.736,simple_clause,codex,B01,
47,North Korea denounces 'muscle flexing' US South Korean military exercises,world,Al Jazeera,2026-03-10 13:24:57.736,simple_clause,codex,B02,
48,American Farmers Dealt New Blow as Trump's Iran War Escalates,world,Newsweek,2026-03-10 13:24:57.736,noun_phrase_fragment,codex,B02,
49,Bag containing weed and cash accidentally donated to a New Zealand charity shop,world,AP News,2026-03-10 13:24:57.736,noun_phrase_fragment,codex,B02,
50,"Macron says France, allies preparing 'defensive' mission to reopen Strait of Hormuz",world,France 24,2026-03-10 13:24:57.736,simple_clause,codex,B02,
51,"In a 'Suicide War,' Hezbollah Pulls Israel Onto Its Own Turf in Lebanon",world,Haaretz,2026-03-10 13:24:57.736,simple_clause,codex,B03,
52,Lebanon asks U.S. for direct peace talks with Israel to end fighting,world,Axios,2026-03-10 13:24:57.737,simple_clause,codex,B01,
53,"Hundreds killed in Haiti drone strikes, including 60 civilians: Report",world,Al Jazeera,2026-03-10 13:24:57.737,noun_phrase_fragment,codex,B03,
54,Iraq war's aftermath was a disaster for the US the Iran war is headed in the same direction,world,The Conversation,2026-03-10 13:24:57.737,coordination,codex,B01,
55,U.S. orders more diplomats to leave Middle East,world,The Washington Post,2026-03-10 13:24:57.737,simple_clause,codex,B03,
56,"US, Iran spar over status of Iranian warship sunk by submarine",world,Military Times,2026-03-10 13:24:57.737,simple_clause,codex,B03,
57,Actuarial Warfare: How Seven Insurance Letters Closed the World's Most Critical Chokepoint and Why Markets Are Mispricing Duration by 300% Shanaka Anslem Perera,world,Substack,2026-03-10 13:24:57.737,other,codex,B03,
58,Trump and Putin discuss end to Iran and Ukraine wars on call,world,Axios,2026-03-10 13:24:57.737,simple_clause,codex,B01,
59,Frightening footage shows Iranian 'cluster warhead' explode on Israel street in deadly attack,world,New York Post,2026-03-10 13:24:57.737,simple_clause,codex,B01,
60,Rubble without a cause: What's America's Iran endgame?,world,Virgin.com,2026-03-10 13:24:57.737,question_form,codex,B03,
61,"Iranian Kurdish fighters say they're ready to strike Tehran, waiting for opening",world,Fox News,2026-03-10 13:24:57.737,simple_clause,codex,B03,
62,"Iran Update Evening Special Report: March 9, 2026 Institute for the Study of War",world,Unknown,2026-03-10 13:24:57.737,noun_phrase_fragment,codex,B03,
63,GPS jamming: The invisible battle in the Middle East,world,BBC,2026-03-10 13:24:57.737,noun_phrase_fragment,codex,B02,
64,Bahrain declares force majeure as Iran sets its only refinery ablaze,world,Euronews.com,2026-03-10 13:24:57.737,simple_clause,codex,B03,
65,Top Iranian Security Official Warns Trump: 'Be Careful Not To Get Eliminated Yourself',world,HuffPost,2026-03-10 13:24:57.737,simple_clause,codex,B02,
66,"Greek operated tanker with Saudi oil cargo sails through Hormuz, ship tracking data shows",world,Reuters,2026-03-10 13:24:57.737,simple_clause,codex,B02,
67,Iran signals Hormuz safe passage to countries expelling U.S. and Israeli diplomats investingLive,world,Unknown,2026-03-10 13:24:57.737,simple_clause,codex,B03,
68,Civilians Killed by Strikes in Gulf States Are Almost All Migrant Workers,world,The New York Times,2026-03-10 13:24:57.737,simple_clause,codex,B03,
69,The 'Fourth Successor': Iran's plan for a long war with the US and Israel,world,Al Jazeera,2026-03-10 13:24:57.737,noun_phrase_fragment,codex,B03,
70,Supreme Court Justices Jackson and Kavanaugh clash over handling of Trump cases,domestic,NBC News,2026-03-10 13:25:46.473,simple_clause,codex,B02,
71,"ICE officers confirmed at Bush Airport for second day, TSA waits grow to 4 hours",domestic,Houston Chronicle,2026-03-24 13:43:49.533,coordination,codex,B03,
72,Chavez Revelations Force Teachers to Rethink How They Teach His Legacy,domestic,The New York Times,2026-03-24 13:43:49.533,simple_clause,codex,B03,
73,US quadruple amputee cornhole champion arrested on suspicion of murder,domestic,The Guardian,2026-03-24 13:43:49.533,passive_clause,codex,B02,
74,Should You Need to Prove Citizenship to Vote? Ask Kansas.,domestic,The New York Times,2026-03-24 13:43:49.534,question_form,codex,B03,
75,Trump says peace talks progressing as Iran officials deny negotiations,domestic,The Washington Post,2026-03-24 13:43:49.534,simple_clause,codex,B03,
76,Gregory Bovino's Final Days: Harsh Words and Few Regrets,domestic,The New York Times,2026-03-24 13:43:49.534,noun_phrase_fragment,codex,B02,
77,Loud Explosions Reportedly Rock Tehran As Iran Warns Gulf Neighbors Of Energy Retaliation If Trump Attacks Power Grid: Dow Futures Trade Flat,domestic,Yahoo Finance,2026-03-24 13:43:49.534,simple_clause,codex,B02,
78,TSA wait times stretch up to 6 hours as ICE and other Homeland Security agents deployed to 14 airports,domestic,CBS News,2026-03-24 13:43:49.534,simple_clause,codex,B02,
79,Deal emerges to end Homeland Security budget standoff as TSA disruptions deepen,domestic,AP News,2026-03-24 13:43:49.534,simple_clause,codex,B04,
80,Here's what to know as the scope of damage from Hawaii's floods becomes clearer,domestic,AP News,2026-03-24 13:43:49.534,simple_clause,codex,B04,
81,The old and weak president is losing because he's old and weak alternet.org,domestic,Unknown,2026-03-24 13:43:49.534,simple_clause,codex,B02,
82,Stitt picks energy executive Alan Armstrong as next Oklahoma senator,domestic,Politico,2026-03-24 13:43:49.534,simple_clause,codex,B04,
83,Supreme Court to scrutinize former policy of turning away asylum seekers at southern border,domestic,CNN,2026-03-24 13:43:49.534,noun_phrase_fragment,codex,B02,
84,"Valero shuts Texas refinery after explosion, sources say",domestic,Reuters,2026-03-24 13:43:49.534,simple_clause,codex,B04,
85,Rubio testifies against friend accused of secretly working for Maduro,domestic,The Washington Post,2026-03-24 13:43:49.534,simple_clause,codex,B04,
86,Taliban releases U.S. citizen Dennis Coyle over a year after he was detained,domestic,CBS News,2026-03-24 13:43:49.534,simple_clause,codex,B04,
87,Philadelphia 'No Kings' protest 2026: What to know ahead of March 28 rally,domestic,WHYY,2026-03-24 13:43:49.534,noun_phrase_fragment,codex,B04,
88,Trump casts Florida mail ballot as he pushes Congress to severely limit that voting option,domestic,AP News,2026-03-24 13:43:49.534,simple_clause,codex,B02,
89,"Pentagon revises rules for journalists after lawsuit loss, raising press group's ire",domestic,Axios,2026-03-24 13:43:49.534,simple_clause,codex,B02,
90,Markwayne Mullin confirmed as the next secretary of Homeland Security,domestic,NPR,2026-03-24 13:43:49.534,passive_clause,codex,B02,
91,DCCC launches geotargeted digital ad campaign hitting GOP for gas prices,domestic,CNBC,2026-03-24 13:43:49.534,simple_clause,codex,B02,
92,"Is the US talking to Iran's Mohammad Bagher Ghalibaf, and who is he?",domestic,Al Jazeera,2026-03-24 13:43:49.534,question_form,codex,B02,
93,Kennedy Center renovation hit with lawsuit filed by preservationists,domestic,The Washington Post,2026-03-24 13:43:49.534,passive_clause,codex,B04,
94,Judge appoints new US attorney in NJ after courts rejected Justice Department workarounds,domestic,CNN,2026-03-24 13:43:49.534,simple_clause,codex,B04,
95,Radio Host Tells Trump 'People Are Gonna Treat' His Death 'Like Mardi Gras',domestic,HuffPost,2026-03-24 13:43:49.534,simple_clause,codex,B02,
96,Immigration arrest at SFO sparks concerns over potential breach of California sanctuary law,domestic,Mission Local,2026-03-24 13:43:49.534,simple_clause,codex,B04,
97,"Gigantic 'Heat Dome' Baking The Whole US May Be Historic, Scientists Say",domestic,ScienceAlert,2026-03-24 13:43:49.534,simple_clause,codex,B04,
98,Californians may need to mail ballots early as Supreme Court signals support for new election day deadline,domestic,Los Angeles Times,2026-03-24 13:43:49.534,simple_clause,codex,B04,
99,"GOP sheriff seizes 650,000 ballots in challenge to California redistricting vote",domestic,Democracy Docket,2026-03-24 13:43:49.534,simple_clause,codex,B04,
100,DHS funding talks in limbo after Trump calls on GOP to link bill to SAVE America Act,domestic,CBS News,2026-03-24 13:43:49.534,noun_phrase_fragment,codex,B04,
101,Middle East crisis live: Pakistan reportedly favouring Vance for role in possible US Iran peace talks,world,The Guardian,2026-03-24 13:43:49.879,noun_phrase_fragment,codex,B05,
102,Iran Charges Some Ships Hormuz Transit Fees for Safe Passage,world,Bloomberg.com,2026-03-24 13:43:49.879,simple_clause,codex,B02,
103,"Airstrikes batter Iran as it attacks Israel and Gulf states, while diplomatic efforts gather pace",world,AP News,2026-03-24 13:43:49.879,simple_clause,codex,B05,
104,Denmark holds early elections spurred by Trump's threats to take Greenland,world,NPR,2026-03-24 13:43:49.879,simple_clause,codex,B05,
105,President Milei Is Rebranding the Atrocities of Argentina's Dictatorship,world,The New York Times,2026-03-24 13:43:49.879,simple_clause,codex,B05,
106,"Colombian military plane crash kills at least 66, wounds dozens",world,Al Jazeera,2026-03-24 13:43:49.879,simple_clause,codex,B05,
107,Smotrich says Litani River should be Israel's new border with Lebanon,world,The Times of Israel,2026-03-24 13:43:49.879,simple_clause,codex,B05,
108,Belgian authorities arrest two Ashab al Yamin linked minors for suspected antisemitic Antwerp arson,world,The Jerusalem Post,2026-03-24 13:43:49.879,simple_clause,codex,B02,
109,How Pakistan Is Trying to Reshape Its Image Abroad,world,The New York Times,2026-03-24 13:43:49.879,question_form,codex,B05,
110,"Palestine weekly wrap: West Bank attacks surge, Israel restricts Gaza aid",world,Al Jazeera,2026-03-24 13:43:49.879,coordination,codex,B02,
111,How does the current global oil crisis compare with the 1973 oil embargo?,world,Al Jazeera,2026-03-24 13:43:49.879,question_form,codex,B05,
112,"Epic river migrations of fish rapidly collapsing, UN report finds",world,The Guardian,2026-03-24 13:43:49.879,simple_clause,codex,B05,
113,"At least five killed in massive wave of Russian strikes across Ukraine, officials say",world,BBC,2026-03-24 13:43:49.879,simple_clause,codex,B05,
114,Kim vows to 'irreversibly' cement North Korea's nuclear status,world,NPR,2026-03-24 13:43:49.879,simple_clause,codex,B02,
115,"Israel, Iran trade strikes as U.S. says it is pausing attacks on energy targets",world,The Washington Post,2026-03-24 13:43:49.879,simple_clause,codex,B05,
116,Hormuz fertiliser block will upend world's food production,world,Financial Times,2026-03-24 13:43:49.879,simple_clause,codex,B05,
117,Giorgia Meloni's big electoral setback in Italy,world,The Economist,2026-03-24 13:43:49.879,noun_phrase_fragment,codex,B05,
118,"Report Shows Earth's Climate is Out of Balance, as Indicators Hit New Extremes",world,Inside Climate News,2026-03-24 13:43:49.879,simple_clause,codex,B05,
119,"Capitol agenda: Reconciliation is revived , Thune says",world,Politico,2026-03-24 13:43:49.879,simple_clause,codex,B02,
120,Ukraine Spent Big to Shield Energy Industry From Drones. Is the Mideast Next?,world,The New York Times,2026-03-24 13:43:49.879,question_form,codex,B02,
121,Iran's Fars report gas infrastructure hit as conflict broadens to energy assets investingLive,world,Unknown,2026-03-24 13:43:49.879,simple_clause,codex,B05,
122,China protests to Japan about Tokyo embassy break in,world,Reuters,2026-03-24 13:43:49.879,simple_clause,codex,B05,
123,President Donald Trump Just Made a Huge Announcement About the Iran War: Here's Why it Could Be a Major Turning Point for the Stock Market,world,Yahoo Finance,2026-03-24 13:43:49.879,simple_clause,codex,B02,
124,Jewish volunteer ambulances set on fire in London in apparent antisemitic attack,world,NBC News,2026-03-24 13:43:49.879,passive_clause,codex,B05,
125,Lebanon declares Iranian ambassador persona non grata amid Israeli attacks,world,Al Jazeera,2026-03-24 13:43:49.879,simple_clause,codex,B05,
126,French far right misses big targets but says it is on track for presidency politico.eu,world,Unknown,2026-03-24 13:43:49.879,coordination,codex,B06,
127,"Trump threats, U.S. troop build up raise specter of battle for Hormuz",world,The Washington Post,2026-03-24 13:43:49.879,simple_clause,codex,B06,
128,EU reacts to 'concerning' report of Hungarian leak to Russia,world,DW.com,2026-03-24 13:43:49.879,simple_clause,codex,B06,
129,"IDF: Israeli Killed Near Lebanon Border Struck by IDF Fire, Not Hezbollah",world,Haaretz,2026-03-24 13:43:49.879,passive_clause,codex,B02,
130,Day 23 of U.S. and Israeli Attacks on Iran: More Than 15% of the Total Fatalities Are Children,world,Hrana,2026-03-24 13:43:49.879,simple_clause,codex,B02,
131,2 Weeks of Iran War Released More Carbon Emissions Than 84 Countries Do Yearly,world,Truthout,2026-03-24 13:43:49.879,simple_clause,codex,B06,
132,Retired Patriot Battalion Commander On The Challenges Of Defeating Iran's Barrages,world,The War Zone,2026-03-24 13:43:49.879,noun_phrase_fragment,codex,B06,
133,German president slams Trump's Iran war as illegal politico.eu,world,Unknown,2026-03-24 13:43:49.879,simple_clause,codex,B06,
134,Are we witnessing the death of expertise?,world,WBUR,2026-03-24 13:43:49.879,question_form,codex,B06,
135,Cargo Spacecraft Suffers Glitch En Route to ISS newser.com,world,Unknown,2026-03-24 13:43:49.879,simple_clause,codex,B06,
136,"Saudis and UAE Take Steps Toward Joining Iran War, WSJ Reports",world,Bloomberg.com,2026-03-24 13:43:49.879,simple_clause,codex,B03,
137,Europe's far right backs Orbán as Hungary's coming election puts his brand to the test,world,AP News,2026-03-24 13:43:49.879,simple_clause,codex,B03,
138,"Ukrainian drones killing Russian troops faster than Moscow can replace them, drone commander says",world,The Kyiv Independent,2026-03-24 13:43:49.879,simple_clause,codex,B03,
139,Thousands of Marines to Arrive in Centcom the Same Day as Trump's Iran Deadline,world,WSJ,2026-03-24 13:43:49.879,noun_phrase_fragment,codex,B03,
140,"Pit viper, flying snake and geckos among new species uncovered in Cambodian caves",world,CNN,2026-03-24 13:43:49.879,noun_phrase_fragment,codex,B06,
141,Study: Birthright travelers look different after Oct. 7 but the effect remains the same,world,The Times of Israel,2026-03-24 13:43:49.879,coordination,codex,B06,
142,'Good decision.' Le Pen supports Hungary blocking EU's Ukraine loan politico.eu,world,Unknown,2026-03-24 13:43:49.880,simple_clause,codex,B06,
143,Putin is the real winner in Trump's Iran war as it puts Russian oil back on the map,world,Fortune,2026-03-24 13:43:49.880,simple_clause,codex,B06,
144,Ukraine hits major Russian oil port near Finland,world,France 24,2026-03-24 13:43:49.880,simple_clause,codex,B06,
145,Strikes hit Tehran safe houses as checkpoints spread nationwide ایران اینترنشنال,world,Unknown,2026-03-24 13:43:49.880,simple_clause,codex,B03,
146,Israel launches new strikes on Tehran as Trump pauses Iran energy attacks,world,The Guardian,2026-03-24 13:43:49.880,simple_clause,codex,B03,
147,"Iran attacks in Strait of Hormuz are 'economic terrorism against every nation,' UAE oil CEO says",world,CNBC,2026-03-24 13:43:49.880,simple_clause,codex,B03,
148,"Russia's 'meat assaults' in Ukraine cost it over 6,000 troops in four days, Kyiv says politico.eu",world,Unknown,2026-03-24 13:43:49.880,simple_clause,codex,B06,
149,Pope Leo says aerial military strikes should be banned,world,Reuters,2026-03-24 13:43:49.880,passive_clause,codex,B06,
150,Trump's new red line could set the Iran war on a fateful course,world,Yahoo News Singapore,2026-03-24 13:43:49.880,simple_clause,codex,B06,
151,Iran War: Five Things to Know,world,WSJ,2026-03-24 13:43:49.880,noun_phrase_fragment,codex,B03,
152,Thousands of 'No Kings' protests planned in opposition to Trump amid Iran war,domestic,Fox News,2026-03-29 03:34:32.330,noun_phrase_fragment,codex,B03,
153,Bills to pay FAA and TSA workers during shutdowns get introduced but keep stalling in Congress,domestic,AP News,2026-03-29 03:34:32.330,passive_clause,codex,B07,
154,"California attack survivors, who were not believed by police, get the last word against kidnapper",domestic,CBS News,2026-03-29 03:34:32.330,simple_clause,codex,B03,
155,Pentagon prepares for weeks of ground operations in Iran,domestic,The Washington Post,2026-03-29 03:34:32.330,simple_clause,codex,B03,
156,Missing aid boats land in Cuba after being located by Mexican navy nbcnews.com,domestic,Unknown,2026-03-29 03:34:32.330,simple_clause,codex,B07,
157,Record Number of T.S.A. Employees Called Out on Friday,domestic,The New York Times,2026-03-29 03:34:32.330,noun_phrase_fragment,codex,B07,
158,US House passes stopgap DHS funding bill after Republicans reject Senate deal theguardian.com,domestic,Unknown,2026-03-29 03:34:32.330,simple_clause,codex,B07,
159,Vice President JD Vance tops CPAC's straw poll to be US president in 2028,domestic,Al Jazeera,2026-03-29 03:34:32.330,simple_clause,codex,B07,
160,"Navy shipyard workers approve a contract deal with Bath Iron Works, ending weeklong strike",domestic,AP News,2026-03-29 03:34:32.330,simple_clause,codex,B07,
161,"At CPAC, many Republicans stand by Trump on Iran. But they're divided on how the war could end.",domestic,CBS News,2026-03-29 03:34:32.330,coordination,codex,B03,
162,"USS Tripoli Operating in CENTCOM, USS Gerald R. Ford in Croatia",domestic,USNI News,2026-03-29 03:34:32.330,coordination,codex,B07,
163,Live Updates: Hundreds protest outside ICE building in Portland Oregon Public Broadcasting,domestic,OPB,2026-03-29 03:34:32.331,simple_clause,codex,B03,
164,All clear given at State Capitol after bomb threat scare,domestic,Hawaii News Now,2026-03-29 03:34:32.331,passive_clause,codex,B03,
165,ICE at Airports Trains Us to Accept Being Terrorized in Our Daily Lives,domestic,The Intercept,2026-03-29 03:34:32.331,simple_clause,codex,B07,
166,"'Premature': Anthropic still in trouble despite court win, lawyers and lobbyists say",domestic,Politico,2026-03-29 03:34:32.331,other,codex,B07,
167,F.B.I. Said to Dig Up Old Investigative Files on Democratic Lawmaker,domestic,The New York Times,2026-03-29 03:34:32.331,noun_phrase_fragment,codex,B07,
168,How successful has Trump been in his now one month old war in Iran?,domestic,Euronews.com,2026-03-29 03:34:32.331,question_form,codex,B07,
169,Reza Pahlavi pledges to 'make Iran great again' at 2026 CPAC conference,domestic,Al Jazeera,2026-03-29 03:34:32.331,simple_clause,codex,B07,
170,CPAC activists embrace Paxton as MAGA's choice for Senate over Cornyn,domestic,AP News,2026-03-29 03:34:32.331,simple_clause,codex,B07,
171,U.S. Tomahawks are being used in Iran war faster than stockpile is being refilled,domestic,CBS News,2026-03-29 03:34:32.331,passive_clause,codex,B03,
172,FBI confirms hackers targeted Kash Patel's personal emails,domestic,Politico,2026-03-29 03:34:32.331,simple_clause,codex,B07,
173,Trump just ended a 165 year tradition by signing your dollar bills here's why no president has ever done it before,domestic,Yahoo Finance,2026-03-29 03:34:32.331,simple_clause,codex,B07,
174,Trump wants a deadlocked Congress to move on AI. Frustrated states say they already have,domestic,NPR,2026-03-29 03:34:32.331,simple_clause,codex,B07,
175,Iran War Live Updates: Tehran Hit by Heavy Airstrikes as U.S. Marines Arrive in Middle East,world,The New York Times,2026-03-29 03:34:32.716,passive_clause,codex,B03,
176,Yemen's Houthis launch ballistic missile at Israel as Middle East conflict escalates,world,France 24,2026-03-29 03:34:32.716,simple_clause,codex,B03,
177,How Pakistan Wooed Trump and Styled Itself as a Peace Broker in Iran Conflict,world,WSJ,2026-03-29 03:34:32.716,coordination,codex,B03,
178,"European allies say Russia is helping Iran more than the U.S. has acknowledged, sources say",world,CBS News,2026-03-29 03:34:32.716,simple_clause,codex,B08,
179,Ukraine war briefing: Zelenskyy drums up defence agreements with Gulf states on countering missiles and drones theguardian.com,world,Unknown,2026-03-29 03:34:32.716,simple_clause,codex,B08,
180,Iranian attack on Saudi base injures U.S. troops as more American forces arrive in the Middle East pbs.org,world,Unknown,2026-03-29 03:34:32.716,simple_clause,codex,B03,
181,Nepal's former prime minister KP Sharma Oli arrested over deaths during Gen Z protests,world,CNN,2026-03-29 03:34:32.716,passive_clause,codex,B08,
182,"Israel kills 3 journalists in Lebanon, including reporter for Hezbollah run broadcaster",world,CNN,2026-03-29 03:34:32.716,simple_clause,codex,B08,
183,Maersk halts operations at Oman's Salalah port due to security incident,world,Reuters,2026-03-29 03:34:32.716,simple_clause,codex,B03,
184,IDF says almost done targeting 'critical' Iranian military sites as waves of strikes hit Tehran,world,The Times of Israel,2026-03-29 03:34:32.716,simple_clause,codex,B03,
185,"The ripple effect of the Iran war on struggling U.S. farmers: ""It couldn't have come at a worst time""",world,CBS News,2026-03-29 03:34:32.716,other,codex,B03,
186,Pope Leo's message to the rich in his first foreign trip of the year,world,CNN,2026-03-29 03:34:32.716,noun_phrase_fragment,codex,B08,
187,"Iran Allows 20 More Ships To Pass Through Strait Of Hormuz, Pakistan Says: 'Meaningful Step Toward Peace'",world,Forbes,2026-03-29 03:34:32.716,simple_clause,codex,B03,
188,Several hurt as Iranian missile hits Jerusalem area town; Hezbollah continues to strike north,world,The Times of Israel,2026-03-29 03:34:32.716,coordination,codex,B03,
189,Paris: Suspected bomb attack outside Bank of America foiled dw.com,world,Unknown,2026-03-29 03:34:32.716,passive_clause,codex,B03,
190,Ten lessons from the first month of the Iran war,world,Atlantic Council,2026-03-29 03:34:32.716,noun_phrase_fragment,codex,B04,
191,Thousands gather for anti far right march in London,world,BBC,2026-03-29 03:34:32.716,simple_clause,codex,B08,
192,Watch the Earth split in real time: Stunning footage captures a 2.5 meter fault slip in seconds,world,ScienceDaily,2026-03-29 03:34:32.716,other,codex,B08,
193,Indonesia starts implementing social media restrictions for children under 16,world,AP News,2026-03-29 03:34:32.716,simple_clause,codex,B08,
194,"Rubio says Iran war to last weeks, no US ground troops needed",world,France 24,2026-03-29 03:34:32.716,simple_clause,codex,B08,
195,Emirates Global Aluminium Says Smelter Site Damaged in Attack,world,Bloomberg.com,2026-03-29 03:34:32.716,simple_clause,codex,B08,
196,Orbán loses his cool as crowd boos him over Ukraine,world,TVP World,2026-03-29 03:34:32.716,simple_clause,codex,B04,
197,Iran: Is another 1970s‑style oil crisis looming? dw.com,world,Unknown,2026-03-29 03:34:32.716,question_form,codex,B08,
198,Iran says nuclear sites hit after Israel warns attacks 'will escalate',world,Euronews.com,2026-03-29 03:34:32.716,simple_clause,codex,B08,
199,"Iran's response to U.S. peace proposal expected Friday, sources say",world,CBS News,2026-03-29 03:34:32.716,passive_clause,codex,B08,
200,Ukraine Says It Attacked Russia's Yaroslavl Refinery,world,Bloomberg.com,2026-03-29 03:34:32.717,simple_clause,codex,B08,
201,Media association condemns 'violent assault' on CNN crew by Israeli soldiers theguardian.com,world,Unknown,2026-03-29 03:34:32.717,simple_clause,codex,B09,
202,Dogs Were Humans' Best Friends Far Earlier Than Anyone Believed,world,Indian Defence Review,2026-03-29 03:34:32.717,simple_clause,codex,B09,
203,Noelia Castillo Ramos Encouraged by Dad to Walk in Heartbreaking Video Before Death,world,TMZ,2026-03-29 03:34:32.717,passive_clause,codex,B04,
204,"Iran's Hormuz toll booth points toward an L shaped price plateau, not the V shaped recovery traders want",world,Fortune,2026-03-29 03:34:32.717,simple_clause,codex,B09,
205,Iran Moves to Assert Control Over Strait While Trading Strikes With Israel,world,The New York Times,2026-03-29 03:34:32.717,simple_clause,codex,B09,
206,A Female Royal Navy Sailor Found Guilty of Repeated Sexual Assaults on Warship Crew,world,Yahoo,2026-03-29 03:34:32.717,noun_phrase_fragment,codex,B09,
207,Justice Sonia Sotomayor issues unusual apology over 'hurtful' remarks about colleague Brett Kavanaugh,domestic,NBC News,2026-04-15 21:24:20.716,simple_clause,codex,B09,
208,"Husband of Michigan woman missing in the Bahamas leaves country, lawyer says",domestic,NBC News,2026-04-15 21:24:20.716,simple_clause,codex,B09,
209,Bernie Sanders pushes resolutions to block US weapons sales to Israel,domestic,The Guardian,2026-04-15 21:24:20.716,simple_clause,codex,B04,
210,Republicans worry White House 'nonsense' is hurting midterm prospects,domestic,Politico,2026-04-15 21:24:20.716,simple_clause,codex,B09,
211,Newly released surveillance video shows Oklahoma high school principal tackling gunman,domestic,CBS News,2026-04-15 21:24:20.716,simple_clause,codex,B09,
212,"Scoop: Trump discussed ""Jesus"" meme with Bill Pulte before posting it, sources say",domestic,Axios,2026-04-15 21:24:20.716,simple_clause,codex,B09,
213,Inside the sudden downfall of Eric Swalwell,domestic,CNN,2026-04-15 21:24:20.716,noun_phrase_fragment,codex,B04,
214,Hormuz traffic remains at a trickle as US blockade of Iranian ports appears to hold,domestic,The Times of Israel,2026-04-15 21:24:20.716,simple_clause,codex,B09,
215,Popes have spoken out on politics before. But with Trump and Pope Leo it's different,domestic,NPR,2026-04-15 21:24:20.716,coordination,codex,B09,
216,Trump says war in Iran 'can be over very soon' amid uncertain peace negotiations,domestic,Politico,2026-04-15 21:24:20.716,simple_clause,codex,B09,
217,New York Gov. Kathy Hochul pushes for NYC pied à terre tax to close spending deficit,domestic,ABC7 New York,2026-04-15 21:24:20.716,simple_clause,codex,B09,
218,Grisly New Addition to Search for American Missing in Bahamas,domestic,The Daily Beast,2026-04-15 21:24:20.716,noun_phrase_fragment,codex,B09,
219,Omaha Police Fatally Shoot Woman Who Cut 3 Year Old Boy With Knife at Walmart,domestic,The New York Times,2026-04-15 21:24:20.716,simple_clause,codex,B04,
220,Guard: More could have been saved at Camp Mystic if more adults helped evacuate San Antonio Express,domestic,News,2026-04-15 21:24:20.716,passive_clause,codex,B09,
221,Economic Fury Targets Illicit Oil Smuggling Network Run by Iranian Regime Elite U.S. Department of the Treasury (.gov),domestic,Unknown,2026-04-15 21:24:20.717,simple_clause,codex,B09,
222,House Democrats file articles of impeachment against Hegseth,domestic,CBS News,2026-04-15 21:24:20.717,simple_clause,codex,B09,
223,"Republicans, White House considering warrant related amendment in high stakes FISA talks",domestic,Politico,2026-04-15 21:24:20.717,noun_phrase_fragment,codex,B04,
224,"DeSantis delays Florida's redistricting session and tacks on AI, vaccines",domestic,Politico,2026-04-15 21:24:20.717,simple_clause,codex,B04,
225,Raleigh Water Activates Stage 1 Water Restrictions as Drought Conditions Continue,domestic,RaleighNC.gov,2026-04-15 21:24:20.717,simple_clause,codex,B09,
226,House defies Trump on immigration with move to shield Haitians,domestic,The Washington Post,2026-04-15 21:24:20.717,simple_clause,codex,B10,
227,'SantaCon' organizer accused of pocketing more than $1 million earmarked to charities,domestic,NBC News,2026-04-15 21:24:20.717,passive_clause,codex,B10,
228,It's Tax Day. Treasury says 53 million filers used new Trump tax breaks before the deadline,domestic,AP News,2026-04-15 21:24:20.717,simple_clause,codex,B10,
229,Super Typhoon Sinlaku pounds remote U.S. islands in the Pacific Ocean,domestic,NPR,2026-04-15 21:24:20.717,simple_clause,codex,B10,
230,AIDS activists disrupt Vought's testimony on Trump's budget,domestic,Politico,2026-04-15 21:24:20.717,simple_clause,codex,B04,
231,Citizen Naturalized Under Joe Biden Brutally Murders DHS Employee Lauren Bullis,domestic,Homeland Security (.gov),2026-04-15 21:24:20.717,simple_clause,codex,B10,
232,Trump says China has agreed not to send weapons to Iran,domestic,The Washington Post,2026-04-15 21:24:20.717,simple_clause,codex,B10,
233,'Less people and better results:' IRS CEO says filing season goals met after 27% staffing cut,domestic,Federal News Network,2026-04-15 21:24:20.717,simple_clause,codex,B10,
234,Erika Kirk cancels Turning Point USA appearance with JD Vance after 'very serious threats',domestic,AL.com,2026-04-15 21:24:20.717,simple_clause,codex,B04,
235,"All of Michigan under Flood Watch as roads washed out, dams fail, people evacuated",domestic,MLive.com,2026-04-15 21:24:20.717,coordination,codex,B10,
236,"Severe weather causes damage to Ann Arbor buildings, power outages, flooded roads",domestic,CBS News,2026-04-15 21:24:20.717,simple_clause,codex,B10,
237,CNN Anchor Laughs at Trump Claim That Fox 'Misquoted' Him in Live Interview,domestic,The Daily Beast,2026-04-15 21:24:20.717,simple_clause,codex,B10,
238,"As Trump threatened to fire Powell, federal prosecutors showed up unannounced at the Federal Reserve building",domestic,PBS,2026-04-15 21:24:20.717,simple_clause,codex,B04,
239,Trump administration moves to erase Jan. 6 riot convictions for seditious conspiracy,domestic,NPR,2026-04-15 21:24:20.717,simple_clause,codex,B10,
240,Key Trump lawyer who tried to overturn 2020 election permanently disbarred,domestic,Democracy Docket,2026-04-15 21:24:20.717,passive_clause,codex,B10,
241,"Billionaires, dark money fuel questions ahead of 2026 midterms",domestic,CBS News,2026-04-15 21:24:20.717,simple_clause,codex,B10,
242,"Nearly 60% of U.S. farmers say their finances are getting worse as fertilizer, fuel costs rise: Survey",domestic,CNBC,2026-04-15 21:24:20.717,simple_clause,codex,B10,
243,"Trump Breaks With Meloni, Italy's Leader, Amid Dispute Over Pope and Iran",domestic,The New York Times,2026-04-15 21:24:20.717,simple_clause,codex,B10,
244,Videos Show Officers Beating Man During Arrest in Brooklyn,domestic,The New York Times,2026-04-15 21:24:20.717,simple_clause,codex,B04,
245,Roy Cooper far outraises Michael Whatley in North Carolina Senate race,domestic,Politico,2026-04-15 21:24:20.717,simple_clause,codex,B04,
246,"In group chats and meetings, Republicans are privately petrified the Iran war could cost them the midterms",domestic,NBC News,2026-04-15 21:24:20.717,simple_clause,codex,B10,
247,White House budget chief Russell Vought won't estimate Iran war cost in testimony,domestic,CNBC,2026-04-15 21:24:20.717,simple_clause,codex,B10,
248,"Syracuse University Chancellor Kent Syverud diagnosed with brain cancer, steps down",domestic,Syracuse.com,2026-04-15 21:24:20.717,simple_clause,codex,B10,
249,Capitol agenda: Cory Mills under fire but not going anywhere,domestic,Politico,2026-04-15 21:24:20.717,noun_phrase_fragment,codex,B10,
250,Houston in showdown with state over immigration ordinance,domestic,The Texas Tribune,2026-04-15 21:24:20.717,noun_phrase_fragment,codex,B10,
251,The Senate Is 'Prepared' To Confirm A Supreme Court Justice And Ted Cruz Might Be The Pick,domestic,Above the Law,2026-04-15 21:24:20.717,coordination,codex,B11,
252,Tax Day arrives with Republicans struggling to sell their cuts,domestic,Politico,2026-04-15 21:24:20.717,simple_clause,codex,B11,
253,"DNI Gabbard targets whistleblower, ex inspector general in criminal referral",domestic,MS NOW,2026-04-15 21:24:20.717,simple_clause,codex,B11,
254,Hedge funds think they can make a killing on Trump tariff refunds politico.eu,domestic,Unknown,2026-04-15 21:24:20.717,simple_clause,codex,B11,
255,Cities scramble to comply with or fight major state housing law,domestic,CalMatters,2026-04-15 21:24:20.717,simple_clause,codex,B04,
256,WATCH LIVE: Severe storms hit parts of Kansas City area on Wednesday evening,domestic,KCTV,2026-04-15 21:24:20.717,simple_clause,codex,B11,
257,GOP leaders struggle to keep $75B immigration plan narrow,domestic,Politico,2026-04-15 21:24:20.717,simple_clause,codex,B11,
258,Senate rejects resolution to block Trump from striking Iran,domestic,The Washington Post,2026-04-15 21:24:20.717,simple_clause,codex,B11,
259,James Talarico raises record breaking $27 million in first quarter for Senate bid,domestic,The Texas Tribune,2026-04-15 21:24:20.717,simple_clause,codex,B04,
260,Caltrans to close section of I 80 in SF. 'It's going to be crazy.',domestic,SFGATE,2026-04-15 21:24:20.717,other,codex,B11,
261,New federal Medicaid rules require 1 month of work. Some states demand more.,domestic,CBS News,2026-04-15 21:24:20.717,simple_clause,codex,B11,
262,"Spanberger amends, signs sweeping gun legislation reshaping Virginia's firearm laws",domestic,Virginia Mercury,2026-04-15 21:24:20.717,coordination,codex,B11,
263,House passes aviation safety bill in response to deadly midair collision near D.C.,domestic,CBS News,2026-04-15 21:24:20.717,simple_clause,codex,B04,
264,A bipartisan duo helped force Reps. Swalwell and Gonzales to resign. They say other House members could be next.,domestic,CBS News,2026-04-15 21:24:20.717,simple_clause,codex,B11,
265,"At least 75 vehicles involved in I 70 pileup near Eisenhower Tunnel, 19 people taken to hospital",domestic,Colorado Public Radio,2026-04-15 21:24:20.717,coordination,codex,B11,
266,Iran claims oil tanker transits Strait of Hormuz amid U.S. blockade on Iranian ports,domestic,CBS News,2026-04-15 21:24:20.717,simple_clause,codex,B04,
267,Gavin Newsom faces growing pressure to intervene in a scrambled California governor's race,domestic,CNN,2026-04-15 21:24:20.717,simple_clause,codex,B04,
268,Trump threatens to shred UK trade deal over Starmer's Iran war opposition politico.eu,domestic,Unknown,2026-04-15 21:24:20.717,simple_clause,codex,B11,
269,Iran War News Live Updates: Blockade 'Fully Implemented' as Mediators Push for U.S. Iran Ceasefire Extension,world,WSJ,2026-04-15 21:24:20.900,other,codex,B11,
270,"Israeli security cabinet discusses possible Lebanon ceasefire, senior official says",world,Reuters,2026-04-15 21:24:20.900,simple_clause,codex,B11,
271,Sudan enters a fourth year of war as officials lament an 'abandoned crisis',world,AP News,2026-04-15 21:24:20.900,simple_clause,codex,B11,
272,Nine killed in second Turkish school shooting in two days,world,BBC,2026-04-15 21:24:20.900,passive_clause,codex,B11,
273,Hungary's prime minister elect vows to suspend 'propaganda machine' state media,world,The Guardian,2026-04-15 21:24:20.900,simple_clause,codex,B11,
274,Pakistan and Bangladesh migrants are faking they are gay to get asylum in the UK: Report,world,The Times of India,2026-04-15 21:24:20.900,simple_clause,codex,B11,
275,Magyar calls on Orbán to lift veto on Ukraine loan before his exit,world,Euronews,2026-04-15 21:24:20.900,simple_clause,codex,B04,
276,Vietnam's new leader meets China's Xi on his first overseas trip,world,AP News,2026-04-15 21:24:20.900,simple_clause,codex,B12,
277,"Trump says new talks with Iran will happen soon. And, Eric Swalwell faces new allegations",world,NPR,2026-04-15 21:24:20.900,coordination,codex,B12,
278,"Pope Leo XIV in Algeria walks in footsteps of his spiritual father, St. Augustine",world,AP News,2026-04-15 21:24:20.900,simple_clause,codex,B04,
279,EU age verification app ready as Europe moves to curb children's social media access,world,Reuters,2026-04-15 21:24:20.900,simple_clause,codex,B04,
280,"The Iran War Is Giving China Time, Russia Money, and North Korea an Opening 19FortyFive",world,Unknown,2026-04-15 21:24:20.900,coordination,codex,B12,
281,"Iran Update Special Report, April 14, 2026 Institute for the Study of War",world,Unknown,2026-04-15 21:24:20.900,noun_phrase_fragment,codex,B12,
282,"Japan to join largest Balikatan war games with 1,400 troops, Type 88 missiles navalnews.com",world,Unknown,2026-04-15 21:24:20.900,noun_phrase_fragment,codex,B04,
283,Japan offers $10 billion support to help Asian neighbours secure oil,world,Reuters,2026-04-15 21:24:20.900,simple_clause,codex,B04,
284,Xi Jinping says the world order is 'crumbling into disarray.' Larry Fink and the IMF are worried about a global recession,world,Fortune,2026-04-15 21:24:20.900,coordination,codex,B12,
285,Germany to maintain Ukraine aid despite political headwinds,world,DW.com,2026-04-15 21:24:20.900,noun_phrase_fragment,codex,B12,
286,"Slovenia's Parliament Speaker Proposes NATO Exit Referendum, Signals Possible Moscow Visit",world,Kyiv Post,2026-04-15 21:24:20.900,coordination,codex,B04,
287,"At least 250 people missing, including Rohingya and Bangladeshis, after boat sinks in Andaman Sea",world,AP News,2026-04-15 21:24:20.900,noun_phrase_fragment,codex,B12,
288,Spain finalizes amnesty measure for potentially hundreds of thousands of immigrants,world,AP News,2026-04-15 21:24:20.900,simple_clause,codex,B12,
289,Exclusive Europe Is Accelerating a NATO Fallback Plan in Case Trump Pulls Out,world,WSJ,2026-04-15 21:24:20.900,simple_clause,codex,B04,
290,Putin Demands Answers as Russia's Economy Undershoots Expectations,world,The Moscow Times,2026-04-15 21:24:20.900,simple_clause,codex,B12,
291,"After losing loved ones, an Israeli and a Palestinian work together for Middle East peace",world,NPR,2026-04-15 21:24:20.900,simple_clause,codex,B12,
292,Exploring the green side of Rio de Janeiro: a vast urban rain forest,world,NPR,2026-04-15 21:24:20.900,noun_phrase_fragment,codex,B05,
293,Critical Atlantic current significantly more likely to collapse than thought,world,The Guardian,2026-04-15 21:24:20.900,noun_phrase_fragment,codex,B12,
294,"China Russia ties are 'precious' in the current international context, Xi Jinping says",world,AP News,2026-04-15 21:24:20.900,simple_clause,codex,B12,
295,"Ukrainian robots capture enemy position without troops in historic first, Zelenskyy says",world,Euractiv,2026-04-15 21:24:20.900,simple_clause,codex,B12,
296,Hezbollah terrorists caught off guard as IDF troops encircle enemy in Bint Jbeil ynetnews,world,Unknown,2026-04-15 21:24:20.900,noun_phrase_fragment,codex,B12,
297,Flotilla carrying activists and aid for Palestinians in Gaza sets sail from Spain,world,AP News,2026-04-15 21:24:20.900,simple_clause,codex,B12,
298,Exclusive: U.K. Ukraine duo beats Americans at their own drone game,world,Axios,2026-04-15 21:24:20.900,simple_clause,codex,B05,
299,Iran used Chinese spy satellite to target US bases,world,Financial Times,2026-04-15 21:24:20.900,simple_clause,codex,B12,
300,One million signatures call to suspend EU Israel association agreement,world,Euronews,2026-04-15 21:24:20.900,simple_clause,codex,B12,
301,Done and Dusted? Trump's Portrayal of the War in Iran Collides With Reality.,world,The New York Times,2026-04-15 21:24:20.900,question_form,codex,B13,
302,"Europeans aren't prepared for what it means to align with Iran, Russia",world,The Hill,2026-04-15 21:24:20.901,simple_clause,codex,B05,
303,Italy suspends defense agreement with Israel,world,Defense News,2026-04-15 21:24:20.901,simple_clause,codex,B05,
304,In Defense of Dumb Dogs,world,The New York Times,2026-04-15 21:24:20.901,noun_phrase_fragment,codex,B13,
305,"One week into the ceasefire, is the end of the Iran war any closer?",world,Yahoo,2026-04-15 21:24:20.901,question_form,codex,B05,
