item_id,headline,category,source,collected_at,suggested_label,suggested_rules,gold_label,split,annotator,notes
1,Senate rejects resolution to block Trump from striking Iran,domestic,The Washington Post,1776288260717,simple_clause,finite_subject_verb_clause,simple_clause,,codex,
2,Charles 'Sonny' Burton is slated for execution. He hopes the Alabama governor will grant him clemency,domestic,CNN,1773149097430,passive_clause,passive_dependency_or_aux_vbn,passive_clause,,codex,
3,"Gigantic 'Heat Dome' Baking The Whole US May Be Historic, Scientists Say",domestic,ScienceAlert,1774359829534,simple_clause,finite_subject_verb_clause,simple_clause,,codex,
4,"Iran Update Special Report, April 14, 2026 Institute for the Study of War",world,Unknown,1776288260900,noun_phrase_fragment,no_finite_clause_nominal_fragment,noun_phrase_fragment,,codex,
5,How Pakistan Is Trying to Reshape Its Image Abroad,world,The New York Times,1774359829879,question_form,question_punctuation_or_interrogative_start,question_form,,codex,
6,"At least five killed in massive wave of Russian strikes across Ukraine, officials say",world,BBC,1774359829879,simple_clause,finite_subject_verb_clause,simple_clause,,codex,
7,Trump threatens to shred UK trade deal over Starmer's Iran war opposition politico.eu,domestic,Unknown,1776288260717,simple_clause,finite_subject_verb_clause,simple_clause,,codex,
8,Media association condemns 'violent assault' on CNN crew by Israeli soldiers theguardian.com,world,Unknown,1774755272717,simple_clause,finite_subject_verb_clause,simple_clause,,codex,
9,Civilians Killed by Strikes in Gulf States Are Almost All Migrant Workers,world,The New York Times,1773149097737,simple_clause,finite_subject_verb_clause,simple_clause,,codex,
10,House Democrats file articles of impeachment against Hegseth,domestic,CBS News,1776288260717,simple_clause,finite_subject_verb_clause,simple_clause,,codex,
11,Trump just ended a 165 year tradition by signing your dollar bills here's why no president has ever done it before,domestic,Yahoo Finance,1774755272331,simple_clause,finite_subject_verb_clause,simple_clause,,codex,
12,Pope Leo says aerial military strikes should be banned,world,Reuters,1774359829880,passive_clause,passive_dependency_or_aux_vbn,passive_clause,,codex,
13,Iran's Fars report gas infrastructure hit as conflict broadens to energy assets investingLive,world,Unknown,1774359829879,simple_clause,finite_subject_verb_clause,simple_clause,,codex,
14,"U.S. Military Action Against Iran: Over Half Of Voters Oppose It, 74% Oppose Sending Ground Troops Into Iran, Quinnipiac University National Poll Finds; Vast Majority Expects The Conflict To Last Months Or More",domestic,Quinnipiac University Poll,1773149097431,coordination,coordination_cc_conj_pattern,coordination,,codex,
15,Nepal's former prime minister KP Sharma Oli arrested over deaths during Gen Z protests,world,CNN,1774755272716,simple_clause,finite_subject_verb_clause,passive_clause,,codex,
16,How does the current global oil crisis compare with the 1973 oil embargo?,world,Al Jazeera,1774359829879,question_form,question_punctuation_or_interrogative_start,question_form,,codex,
17,New York Gov. Kathy Hochul pushes for NYC pied à terre tax to close spending deficit,domestic,ABC7 New York,1776288260716,simple_clause,finite_subject_verb_clause,simple_clause,,codex,
18,"The Iran War Is Giving China Time, Russia Money, and North Korea an Opening 19FortyFive",world,Unknown,1776288260900,coordination,coordination_cc_conj_pattern,coordination,,codex,
19,Wife Of Teacher Killed In High School Prank Wants Charges Dropped,domestic,HuffPost,1773149097430,simple_clause,finite_subject_verb_clause,simple_clause,,codex,
20,Should You Need to Prove Citizenship to Vote? Ask Kansas.,domestic,The New York Times,1774359829534,question_form,question_punctuation_or_interrogative_start,question_form,,codex,
21,One million signatures call to suspend EU Israel association agreement,world,Euronews,1776288260900,simple_clause,finite_subject_verb_clause,simple_clause,,codex,
22,"Syracuse University Chancellor Kent Syverud diagnosed with brain cancer, steps down",domestic,Syracuse.com,1776288260717,simple_clause,finite_subject_verb_clause,simple_clause,,codex,
23,China protests to Japan about Tokyo embassy break in,world,Reuters,1774359829879,simple_clause,finite_subject_verb_clause,simple_clause,,codex,
24,How successful has Trump been in his now one month old war in Iran?,domestic,Euronews.com,1774755272331,question_form,question_punctuation_or_interrogative_start,question_form,,codex,
25,US investigators begin search of Epstein's former ranch in New Mexico,domestic,Al Jazeera,1773149097430,simple_clause,finite_subject_verb_clause,simple_clause,,codex,
26,"Severe weather causes damage to Ann Arbor buildings, power outages, flooded roads",domestic,CBS News,1776288260717,simple_clause,finite_subject_verb_clause,simple_clause,,codex,
27,ICE at Airports Trains Us to Accept Being Terrorized in Our Daily Lives,domestic,The Intercept,1774755272331,passive_clause,passive_dependency_or_aux_vbn,simple_clause,,codex,
28,GOP leaders struggle to keep $75B immigration plan narrow,domestic,Politico,1776288260717,simple_clause,finite_subject_verb_clause,simple_clause,,codex,
29,IDF hits Hezbollah command centers and finance body as rockets fly at northern Israel,world,The Times of Israel,1773149097736,coordination,coordination_cc_conj_pattern,coordination,,codex,
30,"At least 250 people missing, including Rohingya and Bangladeshis, after boat sinks in Andaman Sea",world,AP News,1776288260900,coordination,coordination_cc_conj_pattern,noun_phrase_fragment,,codex,
31,Bills to pay FAA and TSA workers during shutdowns get introduced but keep stalling in Congress,domestic,AP News,1774755272330,passive_clause,passive_dependency_or_aux_vbn,passive_clause,,codex,
32,Missing aid boats land in Cuba after being located by Mexican navy nbcnews.com,domestic,Unknown,1774755272330,passive_clause,passive_dependency_or_aux_vbn,simple_clause,,codex,
33,Hormuz traffic remains at a trickle as US blockade of Iranian ports appears to hold,domestic,The Times of Israel,1776288260716,simple_clause,finite_subject_verb_clause,simple_clause,,codex,
34,Houston in showdown with state over immigration ordinance,domestic,The Texas Tribune,1776288260717,noun_phrase_fragment,no_finite_clause_nominal_fragment,noun_phrase_fragment,,codex,
35,"Rubio says Iran war to last weeks, no US ground troops needed",world,France 24,1774755272716,simple_clause,finite_subject_verb_clause,simple_clause,,codex,
36,President Milei Is Rebranding the Atrocities of Argentina's Dictatorship,world,The New York Times,1774359829879,simple_clause,finite_subject_verb_clause,simple_clause,,codex,
37,U.S. orders more diplomats to leave Middle East,world,The Washington Post,1773149097737,noun_phrase_fragment,no_finite_clause_nominal_fragment,simple_clause,,codex,
38,"Trump threats, U.S. troop build up raise specter of battle for Hormuz",world,The Washington Post,1774359829879,simple_clause,finite_subject_verb_clause,simple_clause,,codex,
39,"Iran Update Evening Special Report: March 9, 2026 Institute for the Study of War",world,Unknown,1773149097737,noun_phrase_fragment,no_finite_clause_nominal_fragment,noun_phrase_fragment,,codex,
40,Rand Paul eyes next week for Mullin DHS confirmation hearing,domestic,Politico,1773149097430,noun_phrase_fragment,no_finite_clause_nominal_fragment,simple_clause,,codex,
41,"Spanberger amends, signs sweeping gun legislation reshaping Virginia's firearm laws",domestic,Virginia Mercury,1776288260717,noun_phrase_fragment,no_finite_clause_nominal_fragment,coordination,,codex,
42,Cargo Spacecraft Suffers Glitch En Route to ISS newser.com,world,Unknown,1774359829879,simple_clause,finite_subject_verb_clause,simple_clause,,codex,
43,Immigration arrest at SFO sparks concerns over potential breach of California sanctuary law,domestic,Mission Local,1774359829534,simple_clause,finite_subject_verb_clause,simple_clause,,codex,
44,"Navy shipyard workers approve a contract deal with Bath Iron Works, ending weeklong strike",domestic,AP News,1774755272330,simple_clause,finite_subject_verb_clause,simple_clause,,codex,
45,Hungary's prime minister elect vows to suspend 'propaganda machine' state media,world,The Guardian,1776288260900,simple_clause,finite_subject_verb_clause,simple_clause,,codex,
46,"Hundreds killed in Haiti drone strikes, including 60 civilians: Report",world,Al Jazeera,1773149097737,other,fallback_other,noun_phrase_fragment,,codex,
47,It's Tax Day. Treasury says 53 million filers used new Trump tax breaks before the deadline,domestic,AP News,1776288260717,simple_clause,finite_subject_verb_clause,simple_clause,,codex,
48,Thune: Talking filibuster 'more complicated and risky' than people realize,domestic,Politico,1773149097430,coordination,coordination_cc_conj_pattern,other,,codex,
49,Flotilla carrying activists and aid for Palestinians in Gaza sets sail from Spain,world,AP News,1776288260900,coordination,coordination_cc_conj_pattern,simple_clause,,codex,
50,"Nearly 60% of U.S. farmers say their finances are getting worse as fertilizer, fuel costs rise: Survey",domestic,CNBC,1776288260717,simple_clause,finite_subject_verb_clause,simple_clause,,codex,
51,"US, Iran spar over status of Iranian warship sunk by submarine",world,Military Times,1773149097737,simple_clause,finite_subject_verb_clause,simple_clause,,codex,
52,Denmark holds early elections spurred by Trump's threats to take Greenland,world,NPR,1774359829879,simple_clause,finite_subject_verb_clause,simple_clause,,codex,
53,Stitt picks energy executive Alan Armstrong as next Oklahoma senator,domestic,Politico,1774359829534,simple_clause,finite_subject_verb_clause,simple_clause,,codex,
54,Giorgia Meloni's big electoral setback in Italy,world,The Economist,1774359829879,noun_phrase_fragment,no_finite_clause_nominal_fragment,noun_phrase_fragment,,codex,
55,Iran War News Live Updates: Blockade 'Fully Implemented' as Mediators Push for U.S. Iran Ceasefire Extension,world,WSJ,1776288260900,other,fallback_other,other,,codex,
56,"'Premature': Anthropic still in trouble despite court win, lawyers and lobbyists say",domestic,Politico,1774755272331,coordination,coordination_cc_conj_pattern,other,,codex,
57,"Airstrikes batter Iran as it attacks Israel and Gulf states, while diplomatic efforts gather pace",world,AP News,1774359829879,coordination,coordination_cc_conj_pattern,simple_clause,,codex,
58,Record Number of T.S.A. Employees Called Out on Friday,domestic,The New York Times,1774755272330,simple_clause,finite_subject_verb_clause,noun_phrase_fragment,,codex,
59,2 Weeks of Iran War Released More Carbon Emissions Than 84 Countries Do Yearly,world,Truthout,1774359829879,simple_clause,finite_subject_verb_clause,simple_clause,,codex,
60,Trump wants a deadlocked Congress to move on AI. Frustrated states say they already have,domestic,NPR,1774755272331,simple_clause,finite_subject_verb_clause,simple_clause,,codex,
61,Pakistan and Bangladesh migrants are faking they are gay to get asylum in the UK: Report,world,The Times of India,1776288260900,coordination,coordination_cc_conj_pattern,simple_clause,,codex,
62,"Democrats threaten more Iran war powers votes, call for Hegseth, Rubio to testify",domestic,CNBC,1773149097430,simple_clause,finite_subject_verb_clause,simple_clause,,codex,
63,FBI hunts for clues after 2 men charged with lighting bombs at NYC protest,domestic,AP News,1773149097430,noun_phrase_fragment,no_finite_clause_nominal_fragment,simple_clause,,codex,
64,"In group chats and meetings, Republicans are privately petrified the Iran war could cost them the midterms",domestic,NBC News,1776288260717,passive_clause,passive_dependency_or_aux_vbn,simple_clause,,codex,
65,F.B.I. Said to Dig Up Old Investigative Files on Democratic Lawmaker,domestic,The New York Times,1774755272331,other,fallback_other,noun_phrase_fragment,,codex,
66,"Who Is Balendra Shah, the Rapper Set to Be Nepal's Next Prime Minister?",world,The New York Times,1773149097736,question_form,question_punctuation_or_interrogative_start,question_form,,codex,
67,Raleigh Water Activates Stage 1 Water Restrictions as Drought Conditions Continue,domestic,RaleighNC.gov,1776288260717,simple_clause,finite_subject_verb_clause,simple_clause,,codex,
68,Ukraine hits major Russian oil port near Finland,world,France 24,1774359829880,simple_clause,finite_subject_verb_clause,simple_clause,,codex,
69,Guard: More could have been saved at Camp Mystic if more adults helped evacuate San Antonio Express,domestic,News,1776288260716,passive_clause,passive_dependency_or_aux_vbn,passive_clause,,codex,
70,Bag containing weed and cash accidentally donated to a New Zealand charity shop,world,AP News,1773149097736,coordination,coordination_cc_conj_pattern,noun_phrase_fragment,,codex,
71,"PSP Honors Fallen Corporal Timothy O'Connor Jr., Killed During Traffic Stop",domestic,Commonwealth of Pennsylvania (.gov),1773149097430,noun_phrase_fragment,no_finite_clause_nominal_fragment,simple_clause,,codex,
72,'Good decision.' Le Pen supports Hungary blocking EU's Ukraine loan politico.eu,world,Unknown,1774359829880,other,fallback_other,simple_clause,,codex,
73,Top Iranian security official threatens Trump with death politico.eu,world,Unknown,1773149097736,simple_clause,finite_subject_verb_clause,simple_clause,,codex,
74,Justice Sonia Sotomayor issues unusual apology over 'hurtful' remarks about colleague Brett Kavanaugh,domestic,NBC News,1776288260716,noun_phrase_fragment,no_finite_clause_nominal_fragment,simple_clause,,codex,
75,"In a 'Suicide War,' Hezbollah Pulls Israel Onto Its Own Turf in Lebanon",world,Haaretz,1773149097736,simple_clause,finite_subject_verb_clause,simple_clause,,codex,
76,Iran says nuclear sites hit after Israel warns attacks 'will escalate',world,Euronews.com,1774755272716,simple_clause,finite_subject_verb_clause,simple_clause,,codex,
77,CNN Anchor Laughs at Trump Claim That Fox 'Misquoted' Him in Live Interview,domestic,The Daily Beast,1776288260717,noun_phrase_fragment,no_finite_clause_nominal_fragment,simple_clause,,codex,
78,Indonesia starts implementing social media restrictions for children under 16,world,AP News,1774755272716,simple_clause,finite_subject_verb_clause,simple_clause,,codex,
79,Done and Dusted? Trump's Portrayal of the War in Iran Collides With Reality.,world,The New York Times,1776288260900,coordination,coordination_cc_conj_pattern,question_form,,codex,
80,In Defense of Dumb Dogs,world,The New York Times,1776288260901,noun_phrase_fragment,no_finite_clause_nominal_fragment,noun_phrase_fragment,,codex,
81,A bipartisan duo helped force Reps. Swalwell and Gonzales to resign. They say other House members could be next.,domestic,CBS News,1776288260717,coordination,coordination_cc_conj_pattern,simple_clause,,codex,
82,Trump's 'free flow of energy' vow fails to restart shipping in strait of Hormuz,domestic,The Guardian,1773149097430,simple_clause,finite_subject_verb_clause,simple_clause,,codex,
83,Newly released surveillance video shows Oklahoma high school principal tackling gunman,domestic,CBS News,1776288260716,simple_clause,finite_subject_verb_clause,simple_clause,,codex,
84,Iran signals Hormuz safe passage to countries expelling U.S. and Israeli diplomats investingLive,world,Unknown,1773149097737,coordination,coordination_cc_conj_pattern,simple_clause,,codex,
85,"Epic river migrations of fish rapidly collapsing, UN report finds",world,The Guardian,1774359829879,simple_clause,finite_subject_verb_clause,simple_clause,,codex,
86,Citizen Naturalized Under Joe Biden Brutally Murders DHS Employee Lauren Bullis,domestic,Homeland Security (.gov),1776288260717,noun_phrase_fragment,no_finite_clause_nominal_fragment,simple_clause,,codex,
87,"Iran's Hormuz toll booth points toward an L shaped price plateau, not the V shaped recovery traders want",world,Fortune,1774755272717,simple_clause,finite_subject_verb_clause,simple_clause,,codex,
88,DOJ's Ed Martin faces ethics charges from disciplinary office over threatening letter to Georgetown University,domestic,CBS News,1773149097430,simple_clause,finite_subject_verb_clause,simple_clause,,codex,
89,Trump says he's 'not happy' with Iran's choice of new supreme leader,world,Fox News,1773149097736,simple_clause,finite_subject_verb_clause,simple_clause,,codex,
90,Californians may need to mail ballots early as Supreme Court signals support for new election day deadline,domestic,Los Angeles Times,1774359829534,simple_clause,finite_subject_verb_clause,simple_clause,,codex,
91,"Billionaires, dark money fuel questions ahead of 2026 midterms",domestic,CBS News,1776288260717,noun_phrase_fragment,no_finite_clause_nominal_fragment,simple_clause,,codex,
92,Xi Jinping says the world order is 'crumbling into disarray.' Larry Fink and the IMF are worried about a global recession,world,Fortune,1776288260900,coordination,coordination_cc_conj_pattern,coordination,,codex,
93,Putin is the real winner in Trump's Iran war as it puts Russian oil back on the map,world,Fortune,1774359829880,simple_clause,finite_subject_verb_clause,simple_clause,,codex,
94,Rubio testifies against friend accused of secretly working for Maduro,domestic,The Washington Post,1774359829534,simple_clause,finite_subject_verb_clause,simple_clause,,codex,
95,U.S. and Iran Predicted a Very Different War Than the One Now Being Waged,domestic,WSJ,1773149097430,passive_clause,passive_dependency_or_aux_vbn,simple_clause,,codex,
96,The 'Fourth Successor': Iran's plan for a long war with the US and Israel,world,Al Jazeera,1773149097737,coordination,coordination_cc_conj_pattern,noun_phrase_fragment,,codex,
97,Rubble without a cause: What's America's Iran endgame?,world,Virgin.com,1773149097737,question_form,question_punctuation_or_interrogative_start,question_form,,codex,
98,Trump administration moves to erase Jan. 6 riot convictions for seditious conspiracy,domestic,NPR,1776288260717,simple_clause,finite_subject_verb_clause,simple_clause,,codex,
99,New federal Medicaid rules require 1 month of work. Some states demand more.,domestic,CBS News,1776288260717,simple_clause,finite_subject_verb_clause,simple_clause,,codex,
100,Trump's new red line could set the Iran war on a fateful course,world,Yahoo News Singapore,1774359829880,other,fallback_other,simple_clause,,codex,
101,DHS funding talks in limbo after Trump calls on GOP to link bill to SAVE America Act,domestic,CBS News,1774359829534,noun_phrase_fragment,no_finite_clause_nominal_fragment,noun_phrase_fragment,,codex,
102,Republicans worry White House 'nonsense' is hurting midterm prospects,domestic,Politico,1776288260716,simple_clause,finite_subject_verb_clause,simple_clause,,codex,
103,Retired Patriot Battalion Commander On The Challenges Of Defeating Iran's Barrages,world,The War Zone,1774359829879,noun_phrase_fragment,no_finite_clause_nominal_fragment,noun_phrase_fragment,,codex,
104,"Israeli security cabinet discusses possible Lebanon ceasefire, senior official says",world,Reuters,1776288260900,simple_clause,finite_subject_verb_clause,simple_clause,,codex,
105,Iran used Chinese spy satellite to target US bases,world,Financial Times,1776288260900,simple_clause,finite_subject_verb_clause,simple_clause,,codex,
106,"Report Shows Earth's Climate is Out of Balance, as Indicators Hit New Extremes",world,Inside Climate News,1774359829879,simple_clause,finite_subject_verb_clause,simple_clause,,codex,
107,"At least 75 vehicles involved in I 70 pileup near Eisenhower Tunnel, 19 people taken to hospital",domestic,Colorado Public Radio,1776288260717,other,fallback_other,coordination,,codex,
108,"Hawaii to see 'potentially life threatening weather' with torrential rain, flooding",domestic,San Francisco Chronicle,1773149097430,other,fallback_other,noun_phrase_fragment,,codex,
109,EU reacts to 'concerning' report of Hungarian leak to Russia,world,DW.com,1774359829879,noun_phrase_fragment,no_finite_clause_nominal_fragment,simple_clause,,codex,
110,Iran Moves to Assert Control Over Strait While Trading Strikes With Israel,world,The New York Times,1774755272717,other,fallback_other,simple_clause,,codex,
111,"Trump says new talks with Iran will happen soon. And, Eric Swalwell faces new allegations",world,NPR,1776288260900,simple_clause,finite_subject_verb_clause,coordination,,codex,
112,Tax Day arrives with Republicans struggling to sell their cuts,domestic,Politico,1776288260717,simple_clause,finite_subject_verb_clause,simple_clause,,codex,
113,Lebanon declares Iranian ambassador persona non grata amid Israeli attacks,world,Al Jazeera,1774359829879,simple_clause,finite_subject_verb_clause,simple_clause,,codex,
114,Australia grants asylum to 5 Iranian soccer players after Trump pressure,world,The Washington Post,1773149097736,simple_clause,finite_subject_verb_clause,simple_clause,,codex,
115,"USS Tripoli Operating in CENTCOM, USS Gerald R. Ford in Croatia",domestic,USNI News,1774755272330,other,fallback_other,coordination,,codex,
116,A Female Royal Navy Sailor Found Guilty of Repeated Sexual Assaults on Warship Crew,world,Yahoo,1774755272717,simple_clause,finite_subject_verb_clause,noun_phrase_fragment,,codex,
117,"DNI Gabbard targets whistleblower, ex inspector general in criminal referral",domestic,MS NOW,1776288260717,noun_phrase_fragment,no_finite_clause_nominal_fragment,simple_clause,,codex,
118,CPAC activists embrace Paxton as MAGA's choice for Senate over Cornyn,domestic,AP News,1774755272331,simple_clause,finite_subject_verb_clause,simple_clause,,codex,
119,"Macron says France, allies preparing 'defensive' mission to reopen Strait of Hormuz",world,France 24,1773149097736,simple_clause,finite_subject_verb_clause,simple_clause,,codex,
120,Judge appoints new US attorney in NJ after courts rejected Justice Department workarounds,domestic,CNN,1774359829534,simple_clause,finite_subject_verb_clause,simple_clause,,codex,
121,Key Trump lawyer who tried to overturn 2020 election permanently disbarred,domestic,Democracy Docket,1776288260717,simple_clause,finite_subject_verb_clause,passive_clause,,codex,
122,American Farmers Dealt New Blow as Trump's Iran War Escalates,world,Newsweek,1773149097736,simple_clause,finite_subject_verb_clause,noun_phrase_fragment,,codex,
123,Jewish volunteer ambulances set on fire in London in apparent antisemitic attack,world,NBC News,1774359829879,noun_phrase_fragment,no_finite_clause_nominal_fragment,passive_clause,,codex,
124,"Ukrainian robots capture enemy position without troops in historic first, Zelenskyy says",world,Euractiv,1776288260900,simple_clause,finite_subject_verb_clause,simple_clause,,codex,
125,"ICE officers confirmed at Bush Airport for second day, TSA waits grow to 4 hours",domestic,Houston Chronicle,1774359829533,simple_clause,finite_subject_verb_clause,coordination,,codex,
126,Philadelphia 'No Kings' protest 2026: What to know ahead of March 28 rally,domestic,WHYY,1774359829534,noun_phrase_fragment,no_finite_clause_nominal_fragment,noun_phrase_fragment,,codex,
127,Critical Atlantic current significantly more likely to collapse than thought,world,The Guardian,1776288260900,noun_phrase_fragment,no_finite_clause_nominal_fragment,noun_phrase_fragment,,codex,
128,Iran: Is another 1970s‑style oil crisis looming? dw.com,world,Unknown,1774755272716,simple_clause,finite_subject_verb_clause,question_form,,codex,
129,Here's what to know as the scope of damage from Hawaii's floods becomes clearer,domestic,AP News,1774359829534,other,fallback_other,simple_clause,,codex,
130,The Senate Is 'Prepared' To Confirm A Supreme Court Justice And Ted Cruz Might Be The Pick,domestic,Above the Law,1776288260717,coordination,coordination_cc_conj_pattern,coordination,,codex,
131,Nine killed in second Turkish school shooting in two days,world,BBC,1776288260900,other,fallback_other,passive_clause,,codex,
132,GOP lawmaker says he's leaving the Republican Party and will serve as an independent,domestic,AP News,1773149097430,coordination,coordination_cc_conj_pattern,simple_clause,,codex,
133,House defies Trump on immigration with move to shield Haitians,domestic,The Washington Post,1776288260717,simple_clause,finite_subject_verb_clause,simple_clause,,codex,
134,"Israel, Iran trade strikes as U.S. says it is pausing attacks on energy targets",world,The Washington Post,1774359829879,other,fallback_other,simple_clause,,codex,
135,'SantaCon' organizer accused of pocketing more than $1 million earmarked to charities,domestic,NBC News,1776288260717,noun_phrase_fragment,no_finite_clause_nominal_fragment,passive_clause,,codex,
136,"Russia's 'meat assaults' in Ukraine cost it over 6,000 troops in four days, Kyiv says politico.eu",world,Unknown,1774359829880,simple_clause,finite_subject_verb_clause,simple_clause,,codex,
137,Chavez Revelations Force Teachers to Rethink How They Teach His Legacy,domestic,The New York Times,1774359829533,simple_clause,finite_subject_verb_clause,simple_clause,,codex,
138,Ukraine Says It Attacked Russia's Yaroslavl Refinery,world,Bloomberg.com,1774755272717,simple_clause,finite_subject_verb_clause,simple_clause,,codex,
139,Vice President JD Vance tops CPAC's straw poll to be US president in 2028,domestic,Al Jazeera,1774755272330,simple_clause,finite_subject_verb_clause,simple_clause,,codex,
140,"European allies say Russia is helping Iran more than the U.S. has acknowledged, sources say",world,CBS News,1774755272716,passive_clause,passive_dependency_or_aux_vbn,simple_clause,,codex,
141,Ukraine war briefing: Zelenskyy drums up defence agreements with Gulf states on countering missiles and drones theguardian.com,world,Unknown,1774755272716,coordination,coordination_cc_conj_pattern,simple_clause,,codex,
142,Putin Demands Answers as Russia's Economy Undershoots Expectations,world,The Moscow Times,1776288260900,simple_clause,finite_subject_verb_clause,simple_clause,,codex,
143,"Iran's response to U.S. peace proposal expected Friday, sources say",world,CBS News,1774755272716,simple_clause,finite_subject_verb_clause,passive_clause,,codex,
144,"GOP sheriff seizes 650,000 ballots in challenge to California redistricting vote",domestic,Democracy Docket,1774359829534,simple_clause,finite_subject_verb_clause,simple_clause,,codex,
145,Trump says China has agreed not to send weapons to Iran,domestic,The Washington Post,1776288260717,passive_clause,passive_dependency_or_aux_vbn,simple_clause,,codex,
146,Two Supreme Court Justices Debate Handling of Trump Emergency Cases,domestic,The New York Times,1773149097430,noun_phrase_fragment,no_finite_clause_nominal_fragment,simple_clause,,codex,
147,Caltrans to close section of I 80 in SF. 'It's going to be crazy.',domestic,SFGATE,1776288260717,other,fallback_other,other,,codex,
148,Germany to maintain Ukraine aid despite political headwinds,world,DW.com,1776288260900,other,fallback_other,noun_phrase_fragment,,codex,
149,Grisly New Addition to Search for American Missing in Bahamas,domestic,The Daily Beast,1776288260716,noun_phrase_fragment,no_finite_clause_nominal_fragment,noun_phrase_fragment,,codex,
150,Popes have spoken out on politics before. But with Trump and Pope Leo it's different,domestic,NPR,1776288260716,passive_clause,passive_dependency_or_aux_vbn,coordination,,codex,
151,Watch the Earth split in real time: Stunning footage captures a 2.5 meter fault slip in seconds,world,ScienceDaily,1774755272716,simple_clause,finite_subject_verb_clause,other,,codex,
152,Exclusive: U.S. dismissed Ukraine deal for anti Iran drone tech last year,world,Axios,1773149097736,simple_clause,finite_subject_verb_clause,simple_clause,,codex,
153,"Husband of Michigan woman missing in the Bahamas leaves country, lawyer says",domestic,NBC News,1776288260716,simple_clause,finite_subject_verb_clause,simple_clause,,codex,
154,Trump says war in Iran 'can be over very soon' amid uncertain peace negotiations,domestic,Politico,1776288260716,simple_clause,finite_subject_verb_clause,simple_clause,,codex,
155,"All of Michigan under Flood Watch as roads washed out, dams fail, people evacuated",domestic,MLive.com,1776288260717,simple_clause,finite_subject_verb_clause,coordination,,codex,
156,Reza Pahlavi pledges to 'make Iran great again' at 2026 CPAC conference,domestic,Al Jazeera,1774755272331,other,fallback_other,simple_clause,,codex,
157,Dogs Were Humans' Best Friends Far Earlier Than Anyone Believed,world,Indian Defence Review,1774755272717,simple_clause,finite_subject_verb_clause,simple_clause,,codex,
158,Emirates Global Aluminium Says Smelter Site Damaged in Attack,world,Bloomberg.com,1774755272716,simple_clause,finite_subject_verb_clause,simple_clause,,codex,
159,Trump says peace talks progressing as Iran officials deny negotiations,domestic,The Washington Post,1774359829534,simple_clause,finite_subject_verb_clause,simple_clause,,codex,
160,Hedge funds think they can make a killing on Trump tariff refunds politico.eu,domestic,Unknown,1776288260717,simple_clause,finite_subject_verb_clause,simple_clause,,codex,
161,Are we witnessing the death of expertise?,world,WBUR,1774359829879,question_form,question_punctuation_or_interrogative_start,question_form,,codex,
162,Vietnam's new leader meets China's Xi on his first overseas trip,world,AP News,1776288260900,simple_clause,finite_subject_verb_clause,simple_clause,,codex,
163,Pope Leo's message to the rich in his first foreign trip of the year,world,CNN,1774755272716,noun_phrase_fragment,no_finite_clause_nominal_fragment,noun_phrase_fragment,,codex,
164,North Korea denounces 'muscle flexing' US South Korean military exercises,world,Al Jazeera,1773149097736,other,fallback_other,simple_clause,,codex,
165,"Valero shuts Texas refinery after explosion, sources say",domestic,Reuters,1774359829534,simple_clause,finite_subject_verb_clause,simple_clause,,codex,
166,Kennedy Center renovation hit with lawsuit filed by preservationists,domestic,The Washington Post,1774359829534,other,fallback_other,passive_clause,,codex,
167,Middle East crisis live: Pakistan reportedly favouring Vance for role in possible US Iran peace talks,world,The Guardian,1774359829879,other,fallback_other,noun_phrase_fragment,,codex,
168,Taliban releases U.S. citizen Dennis Coyle over a year after he was detained,domestic,CBS News,1774359829534,passive_clause,passive_dependency_or_aux_vbn,simple_clause,,codex,
169,French far right misses big targets but says it is on track for presidency politico.eu,world,Unknown,1774359829879,coordination,coordination_cc_conj_pattern,coordination,,codex,
170,Trump Antisemitism Inquiry Demanding List of Jews at Penn Heads to Court,domestic,The New York Times,1773149097431,noun_phrase_fragment,no_finite_clause_nominal_fragment,simple_clause,,codex,
171,Super Typhoon Sinlaku pounds remote U.S. islands in the Pacific Ocean,domestic,NPR,1776288260717,simple_clause,finite_subject_verb_clause,simple_clause,,codex,
172,'Less people and better results:' IRS CEO says filing season goals met after 27% staffing cut,domestic,Federal News Network,1776288260717,coordination,coordination_cc_conj_pattern,simple_clause,,codex,
173,US Steps Up Iran Strikes as Oil Industry Faces More Upheaval,domestic,Yahoo Finance,1773149097430,simple_clause,finite_subject_verb_clause,simple_clause,,codex,
174,Capitol agenda: Cory Mills under fire but not going anywhere,domestic,Politico,1776288260717,coordination,coordination_cc_conj_pattern,noun_phrase_fragment,,codex,
175,"Pit viper, flying snake and geckos among new species uncovered in Cambodian caves",world,CNN,1774359829879,coordination,coordination_cc_conj_pattern,noun_phrase_fragment,,codex,
176,"After losing loved ones, an Israeli and a Palestinian work together for Middle East peace",world,NPR,1776288260900,coordination,coordination_cc_conj_pattern,simple_clause,,codex,
177,"Colombian military plane crash kills at least 66, wounds dozens",world,Al Jazeera,1774359829879,simple_clause,finite_subject_verb_clause,simple_clause,,codex,
178,WATCH LIVE: Severe storms hit parts of Kansas City area on Wednesday evening,domestic,KCTV,1776288260717,simple_clause,finite_subject_verb_clause,simple_clause,,codex,
179,Bahrain declares force majeure as Iran sets its only refinery ablaze,world,Euronews.com,1773149097737,simple_clause,finite_subject_verb_clause,simple_clause,,codex,
180,"China Russia ties are 'precious' in the current international context, Xi Jinping says",world,AP News,1776288260900,simple_clause,finite_subject_verb_clause,simple_clause,,codex,
181,White House budget chief Russell Vought won't estimate Iran war cost in testimony,domestic,CNBC,1776288260717,other,fallback_other,simple_clause,,codex,
182,US House passes stopgap DHS funding bill after Republicans reject Senate deal theguardian.com,domestic,Unknown,1774755272330,simple_clause,finite_subject_verb_clause,simple_clause,,codex,
183,Study: Birthright travelers look different after Oct. 7 but the effect remains the same,world,The Times of Israel,1774359829879,coordination,coordination_cc_conj_pattern,coordination,,codex,
184,Thousands gather for anti far right march in London,world,BBC,1774755272716,simple_clause,finite_subject_verb_clause,simple_clause,,codex,
185,Hezbollah terrorists caught off guard as IDF troops encircle enemy in Bint Jbeil ynetnews,world,Unknown,1776288260900,simple_clause,finite_subject_verb_clause,noun_phrase_fragment,,codex,
186,Actuarial Warfare: How Seven Insurance Letters Closed the World's Most Critical Chokepoint and Why Markets Are Mispricing Duration by 300% Shanaka Anslem Perera,world,Substack,1773149097737,coordination,coordination_cc_conj_pattern,other,,codex,
187,Deal emerges to end Homeland Security budget standoff as TSA disruptions deepen,domestic,AP News,1774359829534,simple_clause,finite_subject_verb_clause,simple_clause,,codex,
188,"Iranian Kurdish fighters say they're ready to strike Tehran, waiting for opening",world,Fox News,1773149097737,simple_clause,finite_subject_verb_clause,simple_clause,,codex,
189,Economic Fury Targets Illicit Oil Smuggling Network Run by Iranian Regime Elite U.S. Department of the Treasury (.gov),domestic,Unknown,1776288260717,noun_phrase_fragment,no_finite_clause_nominal_fragment,simple_clause,,codex,
190,"Capturing Iran's highly enriched uranium would require a large US ground force, sources say",domestic,CNN,1773149097430,simple_clause,finite_subject_verb_clause,simple_clause,,codex,
191,"Israel kills 3 journalists in Lebanon, including reporter for Hezbollah run broadcaster",world,CNN,1774755272716,simple_clause,finite_subject_verb_clause,simple_clause,,codex,
192,Hormuz fertiliser block will upend world's food production,world,Financial Times,1774359829879,other,fallback_other,simple_clause,,codex,
193,FBI confirms hackers targeted Kash Patel's personal emails,domestic,Politico,1774755272331,simple_clause,finite_subject_verb_clause,simple_clause,,codex,
194,Sudan enters a fourth year of war as officials lament an 'abandoned crisis',world,AP News,1776288260900,simple_clause,finite_subject_verb_clause,simple_clause,,codex,
195,"Trump Breaks With Meloni, Italy's Leader, Amid Dispute Over Pope and Iran",domestic,The New York Times,1776288260717,coordination,coordination_cc_conj_pattern,simple_clause,,codex,
196,Smotrich says Litani River should be Israel's new border with Lebanon,world,The Times of Israel,1774359829879,simple_clause,finite_subject_verb_clause,simple_clause,,codex,
197,"Scoop: Trump discussed ""Jesus"" meme with Bill Pulte before posting it, sources say",domestic,Axios,1776288260716,simple_clause,finite_subject_verb_clause,simple_clause,,codex,
198,"Ohio State president resigns after 'inappropriate relationship,"" university announces",domestic,WHIO TV,1773149097430,other,fallback_other,simple_clause,,codex,
199,Spain finalizes amnesty measure for potentially hundreds of thousands of immigrants,world,AP News,1776288260900,simple_clause,finite_subject_verb_clause,simple_clause,,codex,
200,German president slams Trump's Iran war as illegal politico.eu,world,Unknown,1774359829879,simple_clause,finite_subject_verb_clause,simple_clause,,codex,
